Location_code,Year,PC1,PC2,PC3,PC4
ABBI,1981,-0.8102295199212932,2.3969105744603474,0.5449432502722412,0.12140099392484152
ABBI,1982,-2.3037630387723977,2.598596510769697,-0.027685036661921694,-0.043210162073359065
ABBI,1984,-1.2861385924049795,2.375647462970413,-0.3140646070439194,-0.41546167901924824
ABBI,1985,-1.7149359315420514,2.39165269646017,-0.11476815668321534,-0.04698167353523386
ABBI,1986,-1.4170905709726482,2.4470698217612576,0.8897552656891055,0.5628063473796112
ABBI,1987,-1.0507277382786069,2.9222286583585473,1.769074150379239,0.5266515799745999
ABBI,1988,-0.511686398468112,2.494192087879173,0.531571122223045,-0.19489259034331471
ABBI,1989,-1.4560003167398436,2.276620159072663,0.20840833264442657,0.18562446591833434
ABBI,1990,-1.2445532669032626,2.405615674641987,0.2490600150058832,-0.022462355191907174
ABBI,1991,-0.9568638863129569,2.2147015781501227,0.3854654399227082,0.22256567063107374
ABBI,1994,-1.3283584645155502,2.954882587389063,1.0068092161491757,-0.0019364879200774732
ABBI,1995,-2.3871216888563866,2.8984031581944443,1.0038123321593724,0.4261687845772486
ABBI,1996,-2.096148834754535,2.580663612576177,0.02685089020100888,-0.018639005828143485
ABBI,2000,-1.4897803076445255,2.706498599734831,0.48675596875268645,-0.13431655647322022
ABBI,2001,-0.49397991292192545,3.091754303729407,0.73563759409607965,-0.8920729386480197
ABBR,1981,-2.870453502027864,-0.05078840667987705,0.9510445444929938,0.2620172338821777
ABBR,1982,-3.7563347151487054,0.4120066397134575,0.6519464579930337,0.05595852524831692
ABBR,1983,-2.7527227308960587,0.12018103039018996,0.3425057220819189,0.06706847789526688
ABBR,1984,-2.9126771863841423,0.26518067170459536,-0.050543200878560214,-0.13041354946415043
ABBR,1986,-3.06920852139832,0.30450527716247117,1.3619745731925805,0.5567817033019369
ABBR,1987,-2.6409138368544967,0.5027239508899464,2.0398595827750152,0.989064738323447
ABBR,1997,-2.2373893559785474,0.9570136372871794,0.35601947676147405,0.35242160502440667
ABBR,1998,-1.7233886361860509,0.10656313897457231,-0.10946498478612862,0.05045673218697662
ABBR,2000,-2.0586906616826957,1.3713302237665959,-0.005511339088433997,0.30259418427805856
ABLE,1991,-1.4048965254404333,2.2585367058691324,0.8254945025821707,0.6056551890986921
ABLE,1994,-1.8740780223358546,2.6120186477371354,1.0224485498455664,0.5805826184278292
ABLE,1997,-2.561438436216216,0.3623002859026039,0.99310481988046,0.41796154988658524
ABLE,1998,-2.115938670706421,-0.3368255325534159,0.6641625150281655,0.17454733180238213
ABLE,1999,-2.5497769267951496,0.7399217998198935,1.6346240961298328,0.8463474379790287
ABLE,2000,-1.923765744726414,1.1972194785870094,0.449013989034859,0.5271478752067433
ABLE,2001,-1.1128982835150687,1.4509928834296908,0.12478333027132119,0.4312450601397522
ABVA,1988,-2.3720427661591104,0.31625000182301904,1.0371335088528555,0.4888604549107118
ABVA,1995,-3.3065596617675372,0.8241540136814476,1.4121058381908689,0.6367126179194328
ABVA,1996,-2.5099455170097955,1.3165355149434903,-0.10674126985695112,0.21040607669815495
AZBO,1991,4.334428311453987,0.10619374459934766,0.34363966209412095,0.40160929239625076
AZBO,1992,4.138051763286429,-0.3040865582028569,0.03021075473013647,0.7121773455448571
AZBO,1993,4.817390785324583,-0.24680553251777643,0.28839712021633657,0.5514265262977334
AZBO,1994,5.798830963693314,-0.9694651993175556,-0.061076744161603094,0.8602029513774143
AZBO,1995,5.203668767353069,-0.23644082984145115,1.0058536893654833,1.1080547533464924
AZBO,1998,5.310969934992611,-0.14532815034980712,0.12851067638280084,0.19786731685137182
AZBO,1999,4.464634084981939,-0.2998110533861371,0.21177549402278867,0.6499597569379287
AZBO,2000,5.771875274488644,-0.7836166692318394,-0.2186937014208522,0.40131668191465875
AZBO,2001,5.11192510423291,-0.5721761413536055,-0.6403159636962593,0.17831841842014134
AZBO,2002,6.040453711607763,-0.20850984790364663,-0.33742151056257325,-0.30686286587948997
AZBO,2003,7.012114593216302,-0.26266862203416624,-0.18264393418471245,-0.6750517426418925
AZHE,1981,5.403233017147419,-0.35549094059224423,0.5858152812035973,0.7892372484563293
AZHE,1982,4.958719114692269,-0.3061671636705871,0.25401915142468756,0.6645237729105681
AZKS,2003,4.9493184289571435,0.6501459920993129,-0.11926687048903994,-0.7633751858385587
AZKS,2004,3.524656302090382,0.32107096595288226,0.1518230847182074,0.4028747272708787
AZSA,1985,5.295445855959817,-3.021763898435226,-0.9848157521342785,0.717908660292846
AZSA,1987,4.821968884666865,-2.5924169112683204,-1.1149833051329736,0.5227785314369534
AZSA,1997,5.785420634646549,-3.3950398509836623,-0.39635327028300993,1.0012454353530824
CACH,1986,3.82240549245555,-1.6118304862480146,1.9941884134326602,2.3214559107379897
CACH,1987,3.5896471862704447,-1.7692919363686337,0.5970202100334128,1.5613027518792701
CACH,1988,4.594780817531531,-1.8509028203109492,0.6409958955967704,1.705658209018612
CACH,1989,3.330392477611618,-1.7987453710581403,0.8604542423402959,1.550983860331078
CACH,1991,3.650945484565632,-1.777778012353454,1.0394305472888739,1.668960355363653
CACH,1992,4.120780765816774,-2.119281759210501,0.799318146836074,1.5021109320383863
CACH,2000,3.398667000672508,-1.7971815974405074,1.4326748324826177,1.8287969732367035
CACO,2001,4.942576655469142,0.16716160759708731,2.071999489436633,-1.822834946718082
CADV,1981,3.6875333239286476,-1.2228636886453952,1.4980490542395892,1.6854935097321526
CADV,1982,1.7561055862221118,-1.3316878092451854,2.060439212609407,1.8974345539916624
CADV,1983,2.335774831652812,-1.7956973518243904,1.5744167784716505,1.5812963367080055
CADV,2002,3.7086012239722703,-1.1326880516810192,1.4214379232333498,1.7849878554489569
CADV,2003,3.9936811085186745,-1.697313983385611,0.8095812116878202,1.6159560168365468
CADV,2004,3.654470843157219,-0.5544431567461012,2.5849562241140305,-1.7606540876116659
CADV,2005,3.0019168698428924,-1.107919978894199,0.9522378410481219,1.4746113515670174
CADV,2006,4.074195111927097,-1.3863962415263924,1.3515836109937358,1.435859786430617
CADV,2007,3.4374001150959907,-0.5849876866178216,1.6268132936049646,1.882552617440518
CADV,2008,5.7583738525894015,0.009387036584425357,5.910038520895961,-6.673392698294132
CADV,2009,3.0213559450837058,-1.078677591324539,1.3540788662580256,1.7582058149189284
CADV,2010,2.7079626038439986,-0.8785575773208159,2.181682573809899,2.0888833337486883
CADV,2011,2.7540463235859773,-1.2037805236850856,1.4808384270122419,1.77473576995773
CADV,2012,4.1436508896948805,-0.55518054192919,4.194250538834476,-1.8522029820344312
CADV,2013,3.8969876514921986,-0.6100921906529146,0.8175479396069915,1.5587930555419762
CADV,2014,4.416301522333467,-1.626772967415027,1.584689306747138,1.7243117303242044
CADV,2015,6.596952112309439,0.6584256267481183,6.4114008525749835,-7.745885860948101
CAIR,1982,4.564475567788055,0.8867205646128102,3.710018310370764,-0.07106107218355381
CAIR,1984,7.161959828654773,0.8942726408148245,4.111623606059924,-3.8468026665315866
CAIR,1987,5.684351141747232,1.8035049669912373,5.103673616379779,-5.785253117284956
CAIR,1988,5.83230486098979,1.6278037759875152,5.593085174572884,-5.253555806557647
CAOR,1982,3.796822330137156,0.09270005822665495,1.1595883375808702,0.753100655245656
CAOR,1984,6.007617244364239,-0.3022610137025497,1.4963797904427631,-0.7084359141718488
CAOR,1985,5.061897387386501,-0.01207825527519879,0.8003967330555328,0.03861252822776105
CARI,1983,4.957947027073772,-2.5426439700400407,1.6605735240139277,2.1722209304055298
CARI,1985,5.4615006335418075,-1.2591643142759716,0.9474401629924527,1.4398957283442744
CARI,1986,5.004561570602275,-1.2906967841059473,1.850896945275017,2.287575562122548
COFC,1981,-0.14194781142114057,-0.8350886064241151,0.4019357871163177,0.5425258416034308
COFC,1982,-1.564352894586487,-2.2226115222802063,1.0476900902691981,0.07639055902446606
COFC,1983,-0.6273779911409643,-1.416027099814932,-0.06153074190421838,0.07196109270228424
COFC,1984,-0.7386853440895896,-0.9232891179619991,-0.7914938351541188,-0.2503528141392437
COFC,1985,-0.9391920106282055,-1.0849100935597842,0.12342763424917898,0.10213959077690107
COFC,1986,-0.18326991914487248,-0.20624454608875736,0.7150719736312595,0.8782561760697576
COFC,1987,-0.33600617071266214,-0.495025972283112,0.8609061201532848,0.8689426734802996
COFC,1989,-0.4323329123390451,-0.5990700671653822,0.22092202422159035,0.4396061074744723
COFC,1991,-0.9086574209855834,-1.0866447946332614,0.3927721314383622,0.18758171607299434
COFC,1992,-1.7788131817434256,-1.4363499707788783,1.9870954213628558,0.6548363717285134
COFC,1993,-1.319700022649037,-0.5080999877067913,0.829431025748782,0.5574815752973364
COFC,1994,-0.3899960019167842,-0.9726575368944366,-0.01212789422345735,0.14734364342475256
COFC,1996,-0.5431372054564844,-0.7773044892473883,0.31489092479236497,0.41299641205640475
COFC,1997,-1.7118642988140786,-3.261120360193131,0.7006865405872467,-0.5369158677390651
COFC,1998,-0.08900241077142451,-0.8794518472033622,0.22797978023471357,0.4831023147543144
COFC,1999,-0.311847635908718,-1.360115013104063,1.1349547604899695,0.8072365670315772
COFC,2000,0.5330084061923143,-0.8339956716044806,-0.580594035378147,0.21505831382414284
COFC,2001,0.5855738671718527,-0.7262667782319007,-0.3379514681297941,0.4330978946828019
COFC,2004,-1.1043163092362671,-1.3783653827924853,1.3734003919234232,0.573025921074917
COFC,2005,0.3702370112353536,-1.235459989248587,0.38289809862473245,0.6268602699050896
COFC,2006,1.139818948942591,-0.44797507668295294,-0.2395104746297011,0.7170729886156435
COFC,2007,0.7653776065693345,-1.273616904641259,-0.22069460735063978,0.39094261642801686
COFC,2009,-1.3646168977811453,-1.6871043996865647,1.1923999554649516,0.3398477387062372
COFC,2010,0.1835085105426465,-0.9919705601067342,-0.557516418174257,0.08657879710265093
COFC,2011,0.25388900302333445,-1.638669532254211,0.005397024904065038,0.3059847808315445
COFC,2012,1.4330161122198595,-1.2823657324886282,0.01544770085304896,0.6563059110302204
COFC,2013,-0.09901123539049674,-1.539519077158371,-0.8371831318878308,-0.2367848654020004
COFC,2015,-2.035697496931724,-0.7942657242490172,-1.4336490086496458,-0.9381034053506818
COFR,1984,0.6054927357270234,1.1684994386553669,-2.4124182886686154,-1.4229491721177676
COFR,1985,1.6277702427377172,1.0064940270968448,-0.7005657366401227,-0.317612910404261
COFR,1986,1.709384219789764,1.417028706027724,-0.2978172244975239,-0.5079230103109655
COFR,1987,1.0810181075517384,1.2173992689110444,-0.3661239271053601,-0.0658026246819304
COFR,1988,2.5103184739462066,1.1693529154401694,-0.9458877700411517,-1.1215174089107867
COFR,1989,2.083121148892128,1.9631914559348624,-0.47488995239003856,-1.6775574387896122
COFR,1990,1.8479229726998594,1.4337693303477663,-0.9692691640182141,-1.3652195404829213
COFR,1991,1.1185237294246184,1.4379341628816698,-1.0584098721172241,-0.9610626701011448
COFR,1992,1.3344443887025543,1.3914646254234377,0.09687643930524331,0.013386041813099325
COFR,1993,0.6052624155783175,1.383299270338973,-0.6851673456360166,-0.29924660062824016
COFR,1994,1.8700797221249164,1.5717957903920092,-0.7918967055979278,-1.5816328434806028
COFR,1995,0.19632157421877355,1.8267799420619433,-0.055738354046039176,-0.1589432014332366
COFR,1996,1.363287016304581,1.201507125347928,-0.7974602724320099,-0.5454453316705827
COFR,1997,1.150909922411545,1.4663533815534482,-1.6369973569492773,-1.4308027587292664
COFR,1998,2.5016923110670373,2.1431139471217975,-1.8429869771152558,-3.197082829520198
COFR,1999,2.5303485256857017,1.6113685021254698,-1.1810302893973637,-1.6572795638358206
COFR,2000,3.419440430931411,1.2928610718274958,-2.2769450086737466,-2.798507484894614
COFR,2001,2.3178135263948505,0.9704940598924062,-2.563360503106112,-2.0890029973817335
IDKI,1981,-0.6245367221611852,0.9175463781147495,0.6176687972247125,0.9634652772455176
IDKI,1982,-1.3961598109195437,0.7537120206675422,0.22922670570302378,0.5651609557214187
IDKI,1983,-1.2110226686866903,0.36028727280380696,0.8318986415869752,0.8693332694417986
IDKI,1984,-1.354216135341828,0.29222236569519067,-0.6488030216235581,-0.02826195866825805
IDKI,1985,-1.2531101277437973,0.9374117292991548,-1.1129506809103455,0.018997068221321523
IDKI,1986,-0.697077246379455,0.4208853519649255,0.4289026200786371,0.7672156637203704
IDKI,1987,-1.1594190311722807,1.1814027892252503,0.4670117533183949,0.7452381046520097
IDKI,1988,-0.24426611126433148,0.7096188173923519,0.24602395881933242,0.8446161516367099
IDKI,1989,-0.5595450177381149,0.7399638578102072,0.2775888005833339,0.7901340556888379
IDKI,1990,-0.5216917359474739,0.7362959016571051,0.4018942559574624,0.8347754839156029
IDKI,1991,-0.836956656503444,0.43814792917549655,0.16337740791939004,0.5751466104079193
IDKI,1992,-0.5929014795424628,1.1272673696285755,0.9278156620123336,1.0515475085769768
IDKI,1994,-0.4792783769328752,0.6693998976182762,0.21100448763818402,0.7609883960249948
IDKI,1995,-1.7959291208015387,0.0011053672156898786,1.8220889391822628,1.0836602705641365
IDKI,1996,-0.7494174849573296,0.36639939986015174,0.7810430578898905,0.9847421288302219
IDKI,1997,-1.0943297874815978,0.5569049972455988,0.5462589419687262,0.6929029970485552
IDKI,1998,-0.5373350900804055,-0.2977878170590882,0.2738631244589069,0.5906687062840477
IDKI,1999,-0.6976555101697476,0.8153198104027229,0.6579194663838704,0.9593941574007214
IDKI,2003,0.4063621885154793,-0.298466544273707,-0.4672073214459564,0.42483042235567514
IDKI,2007,0.5203386074266848,0.2837738637701677,-0.42984297937157523,0.5834461404013309
IDKI,2008,-0.7733869233942584,0.6184147616250627,-0.1493801698959633,0.46852829034822907
IDKI,2010,-0.9835296944423892,0.8086390484676461,0.6533562342547119,0.8973143924188764
IDKI,2011,-0.6957860412249681,0.7544029104925791,-0.2701554702156228,0.45232319335091087
IDKI,2012,1.6501330486587722,1.536910279446088,0.5158790459941871,-0.6394838546445862
IDKI,2013,1.1939570130222092,2.042281984596788,-1.079308887049915,-1.815490929775167
IDKI,2014,0.8192389641135451,1.5135326689214752,0.9664491837538687,0.7813941734729207
IDKI,2015,0.9182889395495629,1.816609333101213,0.7678204449898167,0.19555656961145584
IDNA,1990,1.193129227188928,-0.049600029244430716,-0.10527663073546918,0.8301495242627841
IDNA,1991,0.7428292211932568,0.07986200182047515,-0.15693251395130636,0.7941408191780965
IDPA,1981,0.14875363289978022,-0.1763910422552478,0.25667234880375855,0.7990137363315108
IDPA,1982,-0.3463731796044512,-0.030938251579209056,0.09470982205429773,0.6104087045288749
IDPA,1983,-0.09728327081726458,-0.08352178842818771,1.0256562928598896,1.15589520552382
IDPA,1984,-0.8333723867490528,0.26716597070399856,-0.5785563670924146,0.1596989112926607
IDPA,1985,-0.05489513760544368,0.10776833113399001,-0.8990334536103932,0.23016486415154264
IDPA,1986,0.7343363119790719,0.09328079617571966,-0.41330300950053994,0.633648937458108
IDPA,1987,0.044668480192566,0.05589143406456842,0.4807967519678455,0.8108795989164232
IDPA,1988,1.0918505300862122,0.1769156958659476,-0.12811369492593466,0.8010450020444216
IDPA,1989,0.2612320255691306,0.09877797950943562,-0.519445110291967,0.4436993640451247
IDPA,1990,0.7235791675113736,0.13239655230365244,0.05910464737314953,0.8123197313143992
IDPA,1991,0.23298109530791494,0.1364555907205518,0.08084198494978495,0.7803891016444573
IDPA,1992,0.44192812900839995,0.22100015528977637,0.18934030368685556,0.7774587489216928
IDPA,1993,-1.4214930123295666,0.6013112609303958,0.7923057872883484,0.7346419377164927
IDPA,1994,1.4038262914136748,-0.2398258082891167,-0.883156853923919,0.43393093842245506
IDPA,1995,0.1569019963043007,-0.0348587263367075,1.1218939671139485,1.2633160792503202
IDPA,1996,0.9000375891969418,-0.1589500939359813,0.0408508852176737,0.8935890912068262
IDPA,1998,1.451454497018474,-1.1490910836263142,-0.7088417234191754,0.4326596143766994
IDPA,1999,0.78874007638552,0.06584644167811074,0.007318343768399439,0.8067407174894264
IDPA,2000,1.2471470839608132,-0.043049878791436735,-0.2550622287609067,0.767622785089618
IDPA,2001,1.3371324118053058,-0.08896535651791415,-0.7320184329935073,0.43595351400047594
IDPA,2004,1.343684091572595,-0.24165369409227277,0.22383492338296412,1.0649895581413087
IDPA,2005,0.679270212794215,-0.27586818594438545,0.16088980158364818,0.885473688474101
IDPA,2006,1.8502855181983664,-0.7242623122427542,-0.6743875766499232,0.6165464511324977
IDTF,1983,-0.6128793589479042,0.015460608805445586,0.6743014729277956,0.8589471336900096
IDTF,1986,0.04333313928129327,0.12880686984924197,-0.43897231622376043,0.43028093130694955
IDTF,1987,-0.48393076657198975,0.4428226518304941,-0.1593361376694586,0.42471465770112293
IDTF,1988,0.6593248120635667,-0.041129824922346125,-1.1031224868696095,0.2064600003171947
IDTF,1989,0.303836944212999,0.4041695234271274,-0.02866040771159021,0.7376051636827693
IDTF,1994,0.6074949840097703,0.010064490520349467,-0.6849154029238066,0.4102234066590966
KSCO,1993,0.23216009527405695,0.5623798408949905,-0.8760034405793475,0.061429777559149315
KSCO,1994,2.0429623935972847,0.032661083711085365,-1.5668272590756374,-0.20809900347796012
KSMA,1983,1.6773825479892548,-3.1934896261636987,-3.2184898392705668,-1.036281227139811
KSMA,1984,1.0023759325665365,-6.246946424010854,-0.27719808875779767,-0.9407238226300692
KSMA,1985,0.6505319367013173,-5.485341698715567,-0.4781378768088172,-0.9740573542579096
KSMA,1986,1.1551195106607244,-7.427331273131573,-0.20465847934914255,-1.296983758407161
KSMA,1987,2.388423795654588,-5.2474905804427925,-0.6740209047591386,-0.4721678245307726
KSMA,1988,2.684621815989285,-4.180305646517615,-1.1618526107050826,-0.4115324476524803
KSMA,1989,1.7256454104085033,-5.211245482164716,-0.8355872249137546,-0.7730253175889529
KSMA,1990,1.5693018401423244,-6.686865483073039,0.03354219290740296,-0.905813149286846
KSMA,1991,3.3261826437019866,-4.29097066833948,-1.6036258517064321,-0.3900092936388795
KSMA,1992,-0.43571151455320656,-6.140646078475221,0.8519583227288672,-0.9183625408653449
KSTR,1982,0.50009255529296,-2.835967689836228,0.2694374348271332,0.09702229911424448
KSTR,1983,1.598730092795803,-2.878973902263087,-1.041359267611979,-0.251671658811125
KSTR,1984,1.2284068370677717,-2.097640540077174,-1.3073715175833294,-0.24956430532085466
KSTR,1985,1.1060913492489524,-1.9355189645994566,-0.8953969152303495,-0.04374068295923556
KSTR,1986,1.2781693230508968,-2.7856687238391755,0.20903692598040122,0.26913642453604053
MBBR,1999,-3.9452094967424713,-0.9203645587144154,0.9343859764193929,-0.2636666917682425
MBMO,1998,-1.9447831794887203,-0.9394710943935023,0.03476554831595964,-0.17050705717501127
MBMO,2000,-3.1517195156272386,-1.5999923541193146,1.0283924311085402,-0.19004929302368717
MBMO,2001,-2.355972924685568,-1.1854478265520485,-0.20175387227609015,-0.49180285843079347
MIEN,1989,-0.32963392317987533,1.62024251274566,-0.6199420354614738,-0.1644760467450089
MIEN,1991,0.030545156035258425,1.4153765254602777,-0.5993828460594773,-0.12902206879530992
MIEN,1992,-1.5052357414782493,2.637849874706407,1.096461264246872,0.4731769259336525
MIEN,1993,-0.7884240217880691,1.850009527813774,-0.43240723087500543,-0.1131177802328733
MIEN,1994,-0.9042299287787241,2.0157088413439253,0.5510226527613614,0.45719677937379144
MIEN,1995,0.7258157768989654,1.1831424948278295,-1.2628080423381132,-0.5702774484955124
MIEN,1996,-1.2957652120965921,2.2108342328244044,0.115665761869029,0.11765223217536411
MIEN,1999,0.6112735609449501,1.362149248105289,-0.3315526265577684,0.013805350408413838
MIEN,2000,-0.3070232930921927,1.7779851549088121,0.4541685478205698,0.46569901023647575
MIEN,2002,0.6372056522539711,1.2045894204285514,-1.455690732060086,-0.7047991577881052
MIEN,2003,-0.18307151284240414,1.927780167020422,-0.2931081364120013,-0.294823939580224
MIEN,2004,-0.9342132614203413,1.7504597710562408,0.7840597062183784,0.839642961220923
MIEN,2005,0.04325867413433859,1.0057100802215357,-0.8630766977699136,0.0033093377992912815
MIEN,2006,-0.13104404855463375,1.009056528066804,-0.2557510035438832,0.43652290530195204
MIEN,2008,-0.7518673627116009,1.4923699042972716,-0.02264722443825916,0.39955093944893394
MIEN,2010,0.4245069382062783,0.9828551298716703,-0.9827729013224933,-0.13034343265196796
MIEN,2011,0.1442382459801589,1.166994037335326,-0.6536625088458144,0.08650380107632727
MIEN,2012,1.0831440605554437,0.7210694110923896,-0.6433393661348407,0.19741869555484226
MIEN,2013,-0.6832298130548471,1.2778817419500366,-0.49545422827822605,0.19078865459948396
MIEN,2014,-1.4982557068091966,1.6249365890188483,-0.19832781291063512,0.26165721529232766
MIEN,2015,-0.740860464213603,1.4707706551520718,0.1288379814361482,0.4739831812182655
MISA,1981,-0.45060174687624055,1.3356353030789683,-0.40379850327896494,0.2135275761841775
MISA,1982,-0.4474957908051316,1.5605526561868452,0.22161945812857653,0.4624547462136629
MISA,1983,-0.06913319255379566,0.35330324898665333,-0.6537673504185704,0.301507705186829
MISA,1984,-0.2306435808032638,1.1108469629871118,-0.3872737872562974,0.2930952249112317
MISA,1985,-0.39782322278238685,1.3888291504244972,0.0028415764995893683,0.4454689670662445
MISA,1986,-0.08505758467059021,1.0656305608440462,-0.3291987872083444,0.3509360453265997
MISA,1987,0.9695239305779102,0.7177875079850153,-0.9138116692331586,0.04146785198378086
MISA,1989,-0.42109793288488706,1.3534969120052927,-0.5235159887589678,0.12685533309136196
MISA,1990,-0.09136542857271246,1.2204857169818986,-0.11409091509453817,0.4060322376946287
MISA,1991,0.2375434491198608,0.8862361754702395,-1.1804476748750672,-0.20443808951716083
MISA,1992,-1.3515727312260148,1.9241771676461852,0.7450973798772622,0.6981524531074185
MISA,1993,-0.2428259654273826,1.2869108309566126,-0.4795090959035054,0.19746851023730086
MISA,1994,-0.40478122254996984,1.25322321269133,0.16037285605003707,0.5592496623231934
MISA,1995,0.543668035156387,0.970148093166285,-1.3564520711651054,-0.3933212682504014
MISA,1996,-0.9190561093508847,1.1902216952772124,-0.7121076568793827,0.0531784117843815
MISA,1997,-0.9202252629809353,1.3347195140285724,-0.6163625189939509,0.06138860612359308
MISA,1998,1.158248162815877,0.5877000204598164,-0.8281683522020613,0.09395863357436776
MISA,1999,0.8642467034351078,0.5672677940261832,-0.7312719151332497,0.2453534363982276
MISA,2000,-0.40108703437474263,1.1898544939774007,0.264458872067958,0.6447689023327532
MISA,2002,-0.05491626041250683,1.003598816455571,-1.903923843828232,-0.7117730989968958
MISA,2003,-0.5254092886852572,1.58828066369714,-0.2707203531106068,0.1571162663365714
MISA,2004,-0.7073465558667099,1.7725669514751623,0.37785576520339137,0.4989392527138522
MISA,2005,0.19026307424977323,0.9599241534966729,-1.0545121299698292,-0.12429654599121807
MISA,2006,0.06898719225884221,1.1137312094148242,-0.24882798639628,0.38320263860434456
MISA,2007,-0.13170624196305886,0.9738890432377274,-0.6788726731699494,0.11604143583882054
MISA,2008,-0.7280419464645418,1.2044356296416414,-0.18775822844022946,0.39401185204734435
MISA,2009,-1.1736890276175116,1.6990816084291607,0.9239763985309576,0.9126164958148129
MISA,2010,0.4827769894594348,0.7625634496671284,-1.1784510409876634,-0.11765420946142259
MISA,2011,0.35083040392260784,0.5454321721402061,-0.9633873520143118,0.15111016084269568
MISA,2012,0.7777978308563132,0.631667973573794,-0.5791160063720425,0.3262045973838863
MISA,2013,-0.6811518237774679,1.2858029258470536,-0.4211940124341587,0.24672535757581426
MISA,2014,-1.23020313142294,1.3431368908170136,-0.5394467136444011,0.09553145907372465
MISA,2015,-0.6333540241933169,1.2726084891831733,-0.28722112777335446,0.23247489263047139
MNBE,1981,-0.777949260863782,1.29758897894812,-0.4402560885411067,0.19306533449409424
MNBE,1982,-1.0256337344602195,1.289151677076175,-0.6166362409252053,0.18498524381647624
MNBE,1983,-0.2166475312535001,0.5783781545539196,-1.936726863721531,-0.46399775316322545
MNCR,1981,-2.497628811022027,-2.565527988224215,0.6838588059727895,-0.4838015101611574
MNCR,1982,-2.970702327100417,-0.8790220315629171,-0.20199551192911325,-0.5204111467546104
MNCR,1983,-2.1468486099464994,-2.682402777273042,-1.3795083131742203,-1.42770192613254
MNCR,1984,-2.209331422680264,-1.5038426657592177,-0.8617739507645434,-0.8488789100125498
MNLA,1981,-1.3467960702582449,-2.3358123183762833,0.2175669658835913,-0.32223152338396194
MNLA,1982,-2.218377930734209,-3.2628925736120533,0.20864045063360234,-0.7691371908266946
MNLA,1983,-0.5359924641628643,-3.382621452921473,-1.466793258670663,-1.1334838443984683
MNLA,1984,-1.9628607039277053,-3.517720876367507,-0.38671422765725316,-1.1250247063174847
MNMO,1981,-2.4698822053824667,-2.328918668672338,0.828521295637287,-0.33315495292188574
MNMO,1982,-2.7795109380582126,-2.134386849568065,0.19033198440034602,-0.6005139369677687
MNMO,1983,-2.0083289174028733,-3.1992479788321617,-1.5439438945231565,-1.6540228214847037
MNMO,1984,-2.7989135339304734,-3.346338776376803,-0.1950136003588881,-1.2052695694270161
MNPE,1998,-0.6747055235849606,1.146859254062354,-0.9039808056493505,-0.07435500780545932
MNPE,2005,-0.7176475757832701,1.0760392849042535,-0.7619325637730501,0.08400474362996821
MNPR,2006,-1.6343619751434018,-1.4181445173697873,-0.8507579759843432,-0.6261170848348006
MNPR,2007,-1.678111018730245,-1.7500766020101093,-0.34314088379914015,-0.477662144629985
MNPR,2008,-3.107121865238259,-1.9217899767113484,-0.43487954971651405,-1.0002232678896448
MNPR,2014,-3.468246530538751,-1.347294856860003,-0.3362969322780837,-0.9367122745288444
MNPR,2015,-4.803431800207276,0.03200274255332877,-2.3034493029376244,-1.9323514770177883
MOCL,1997,3.9943181536948127,-1.1392456427349924,-0.9284486304001829,0.689873686268071
MOCO,1989,1.7008833336788116,-0.17189265687554756,-1.1648601808837575,0.1081722410437948
MOCO,1990,2.1949833562562815,-0.44805188906078786,-0.21518346474365013,0.7969527107778239
MOCO,1991,3.1234616703712588,-0.6755680516037825,-1.486266301939672,0.12503556907038516
MOCO,1992,1.6004581577191612,0.30836905073849885,-0.2753805635099782,0.5931933796492719
MOCO,1994,2.206441810637109,-0.0761315807371768,-0.6686391456358282,0.4677259918662956
MOCO,1995,2.790095407915924,-0.8344600668240054,-1.1148333963811528,0.45340772332536117
MOCO,1996,1.7033138195564448,-0.012147086086157555,-0.9970017058019093,0.2815489799767369
MOCO,1997,2.0145808773676186,-0.08094993867796285,-0.849421315830836,0.41706076223694055
MOCO,1999,3.0854054233015438,-0.2463580225421806,-0.3904311742866663,0.7368947765282441
MOPO,1995,4.343118081397433,-1.3983276072514763,-1.2849455270069072,0.48232736430037176
MTHU,1990,-1.064972035753157,0.4415724337854379,-0.02165069516583573,0.37813292978521246
MTHU,1991,-1.2050615259104636,-1.0755681067502236,0.19714460433199832,0.11139507398615428
MTHU,1992,-2.3326503876990947,0.10778144941527379,1.662183424191586,0.7494704337232567
MTHU,1993,-3.1233157256391557,-0.11675972242522692,2.003552678758231,0.612790041228499
MTHU,1994,-1.1735803018265067,-0.4852104312944927,0.018579904515159937,0.1661654709791993
MTSI,1981,-0.8747294399808038,-1.1329417707009783,0.2698789899626046,0.1475771960847097
MTSI,1982,-2.0087981137154918,-0.9416906674614852,-0.5311579077192048,-0.4258634087304588
MTSI,1983,-0.003776669144600321,-0.5012941752177161,-1.4736042330833712,-0.26031920775562734
MTSI,1984,-0.5970899812241626,-0.7763097804272272,-1.1283156423770224,-0.33390642715495
MTSI,1985,-1.3681425701167849,0.09376729104647766,-0.42561009649719256,0.07286856663150272
MTSI,1986,-1.647784758727479,-1.4537118834472382,-0.07684666987744193,-0.3044452456629013
MTSI,1987,-1.0456401273016904,-1.523370452677506,0.2352648243196147,-0.06056875541949178
MTSI,1988,1.145982368366966,-0.7617755731037856,-1.6098322377737029,-0.05205836443072016
MTSI,1989,-0.20885766680233794,-0.5173541749912484,-1.1072242892524118,-0.06647859171385333
MTSI,1990,-0.6748141135763349,-0.7260676456608692,-0.7601838791331764,-0.2152502201377323
MTSI,1991,-0.8683753352505811,-2.6378127130724094,-0.9232775280590024,-0.8405638436053393
MTSI,1992,-2.4353721379374385,0.22293209839099076,0.04146985760962049,-0.02984428394917337
MTSI,1993,-3.502137521942839,-1.8151288599981736,1.8207807302588546,-0.062225294057182134
MTSI,1994,-1.4686401521270047,-0.8629435278452895,-0.16564052549913372,-0.16699164926824994
MTSI,1995,-1.2626221873062349,-1.258230380594316,-0.7684986506615489,-0.4609280473110544
MTSI,1996,-1.5385800077595926,-0.6972086098141393,-0.9143924601782314,-0.39303039113088306
MTSI,1997,-1.6096134936186801,-1.3651664310158576,-0.6740353463551536,-0.6586397808497979
MTSI,1999,-1.2865152224588439,-1.2303266336449825,0.4977383317173273,0.13234218402347686
MTSI,2000,-0.7377453604000077,-1.0964375778967934,-0.6162775801666318,-0.18793230384306597
MTSI,2001,-0.9893244609493589,-1.9931616134138315,-0.42221243027903355,-0.4940781401628548
MTSI,2002,-0.6646122271798804,-1.163228100005042,-1.5997154091172672,-0.7054512233240435
MTSI,2003,-0.16262039265201178,-1.1674935820798276,-0.8238096863112732,-0.11481007870251239
MTSI,2004,-1.2994767444153061,0.03218278335681991,0.48239106867138554,0.530297272158249
MTSI,2005,-0.644028797450869,-1.304040938586094,-0.11395613590029245,0.034551317363196554
MTSI,2006,-0.018746770873652598,-1.0331941632897246,-1.8394112053064313,-0.5373290269264739
MTSI,2007,0.3845346785989928,-1.4781519142725512,-0.6834394346499983,0.0629655100327596
MTSI,2008,-0.500520208980462,-0.3379900935961255,-0.9280364079224371,-0.06894425323509025
MTSI,2009,-2.2586353897133056,-0.809459783275662,-0.293427359594987,-0.48705228630040776
MTSI,2010,-1.7328801471780462,-1.8228036388448494,0.3029101111709721,-0.17987627080001783
MTSI,2011,-1.2353367875207903,-1.4053452120163135,-1.176519897565946,-0.6829308162995134
MTSI,2012,-0.8927253697989571,-0.11406837726670996,-0.05000056848602723,0.30280545964281996
MTSI,2014,-1.5013282350336838,0.09487548313626391,-0.4142653689745836,-0.017399725311319322
MTSI,2015,-0.54374519917209585,-0.3884440558092324,0.04328854825265341,0.31512701923889735
NDAR,1991,-0.1750294079909278,0.8246477836458072,-2.3932022818843657,-0.9018829522743151
NDAR,1992,-2.066707697382576,2.1246016414147397,0.27598008919679473,0.31852119738249074
NDCA,1991,-2.217493677776289,-1.9801120121784002,-0.9543382469011472,-1.0745682846975728
NDCA,1992,-3.1160061401921273,0.19170787384963367,0.04907585489956877,-0.25751692098210566
NDER,1995,-0.7388745061992846,1.1312513955090555,-2.2215590933827225,-0.854662496731501
NDER,1996,-1.4682670053448366,1.4407868282411542,-1.8708828325863476,-0.6821921798232753
NDER,1997,-0.9796907005621394,1.5195822519827025,-1.695104711425702,-0.7364073233936461
NDER,1998,-0.26616686841511394,1.2101230202744766,-1.119833555950165,-0.22660938823683602
NDER,1999,-0.9163243759757488,1.634293383039013,-1.084591600997553,-0.3372971180669009
NDER,2000,-2.0230229165166347,2.0026886258112677,-0.7520439648633305,-0.1152908159957202
NDER,2001,-0.43813367229298444,1.2436748354590703,-1.3894222603482882,-0.3649243922323143
NDFA,1981,-1.76445732754115,-1.1960659142416383,0.19817549714997934,-0.07176392075179261
NDFA,1982,-2.090226670124724,-0.6417254678065774,-0.40691132603302627,-0.2522072761492085
NDFA,1983,-1.429601971764997,-2.0486139512969554,-1.2399146163531602,-0.9385649225807968
NDFA,1984,-1.1866376288885558,-1.2761796346104186,-1.034388227949063,-0.5000875818769331
NDFA,1985,-2.8745906701034545,-0.9635030074072684,0.4236257928366096,-0.21145360491289655
NDFA,1986,-2.197455642487541,-2.194612696259686,-0.294812622722181,-0.7541172429090235
NDFA,1990,-1.4363056662077658,-1.5233112248094611,-1.1585088703019684,-0.8381605177153112
NDFA,2003,-1.4731931899245567,-1.67489620422295,-0.9653306745545464,-0.7285118463603882
NDFA,2004,-2.9441639365358925,-1.582344516877793,0.9713934927474274,-0.11553555666922327
NDFA,2011,-1.6619923620723127,-3.2178027009994885,-0.9782521620757392,-1.2697304226860426
NDFA,2012,0.018932174430605964,-1.518146728805887,-1.2774163955398496,-0.412465699673909
NDFA,2013,-2.2405516983890448,-3.204010843984627,-1.2588148391558378,-1.5104952218077523
NDHA,1991,-0.6284885843926641,1.0063722589324997,-2.1483330459513836,-0.7918377882562067
NDHA,1994,-1.680963558229037,1.6954924028052942,-0.5000472274560553,0.011296096377831674
NDHA,1998,-0.5070820507951496,1.2454265675246186,-0.9191617350101293,-0.08570918336285899
NDHA,2005,-0.8150925049662965,1.3613075191057815,-0.2835138782321061,0.30303403713069277
NDHA,2006,-0.11456943213728735,1.1141776540547292,-1.853724773373537,-0.673399559243308
NDHA,2007,-0.7123192951046352,1.196145895984078,-1.3032575371243558,-0.2593769708933178
NDHA,2008,-1.7544836988046613,1.707712636938576,-1.0083530891601629,-0.22765581664373621
NDHA,2009,-2.1721844076967725,2.1885575069823004,-0.4834330221462174,-0.11725207679663671
NDHA,2014,-1.7999738727287329,1.6674684064550003,-1.3151642515474296,-0.466843298324235
NDHA,2015,-0.8847171445262856,1.419270591456363,-1.059146357198801,-0.22935061706004545
NDPR,2005,-0.3545613241449798,0.8906766611183311,-0.9983720232354028,-0.035620461843415746
NEMI,1990,-0.2918269809877401,-1.3671057275515508,-0.16119492968815718,0.09051206911433139
NEMI,1991,0.10898270128216143,-1.424596130484677,-0.9631318470495045,-0.2446781056603675
NEMI,1992,-1.4200736707164197,-0.9662070495005098,0.47664541290366236,0.1011291151165333
NEMI,1994,0.12903480290292552,-1.4874833422603215,-1.0269328156710076,-0.3153011192262253
NEMI,1995,-0.48881971087552056,-1.1776346896753673,-0.1984077081549706,0.12637570738813939
NEMI,1997,-0.9356575750026832,-1.8998855469682883,-0.31121668224355997,-0.33803196001557245
NEMI,2001,0.6759839420125917,-1.344638597123681,-0.8298851609401916,0.05279334930467587
NEMI,2002,0.9476764475230135,-0.9644239479659433,-1.486603337292303,-0.1665244613713303
NENP,1982,0.4927025885301063,0.9804940946354281,-1.5752012383221166,-0.5313912959805821
NENP,1990,1.396249625831449,0.6879873047835943,-1.204931598992517,-0.26142837050346035
NESB,1981,1.1336979352014425,1.0083099976939713,-0.32144534791139284,0.16635305115307103
NESB,1982,0.11159847639249469,1.0799988767562396,-0.8553243606256539,-0.052638002438589224
NESB,1983,0.9516695706189616,0.9318695256451193,-1.1453200866805575,-0.23978563227334354
NESB,1984,0.6830274478384104,1.0725371043187413,-1.642391953513154,-0.7434247184048349
NESB,1985,0.7360046479715252,1.3255515261923059,-1.0009257445133841,-0.4838144892464845
NESB,1986,0.5810426051803838,1.163914379592878,-0.19138067774895773,0.27774304612589584
NESB,1988,1.4531073809307105,0.842281213212384,-1.1098919799918385,-0.27530062278243184
NESB,1989,1.334724903268053,1.1220848644727932,-1.090271828394384,-0.493257716949377
NESB,1991,0.8939355908647315,1.0252383651656658,-1.2767457602969186,-0.46733700486913454
NESB,1992,-0.21041331140604053,1.7664575106962255,0.16004401981588184,0.14544651421041674
NESB,1993,-0.6318736206227851,1.5855956351503693,-0.15472787122084386,0.2111065574314768
NESB,1994,1.0417893401818146,1.1036772119756701,-1.2485507555883073,-0.6316321437847593
NESB,1995,0.9061455860680843,1.0308630497291573,-0.6745317957236542,0.046682565075978594
NESB,1996,0.6761316259910507,1.0950780629812984,-1.2195026106030544,-0.40406082567344687
NESB,1998,0.9026088203803055,0.958899323732889,-0.9796477898211959,-0.22137354680197643
NESB,1999,1.1802956871644852,1.0681304711733552,-0.1040863836433605,0.3253624591963332
NESB,2004,0.42798415186811983,1.649756723845244,0.310060124538202,0.26786491317875616
NESB,2005,1.0538086071943842,0.8130446513507537,-0.7250468062786315,0.06295116884150048
NESB,2007,2.183235796668484,0.731203464244891,-1.4342452352493746,-0.7392168050205303
NESB,2008,0.727326229292597,1.0994046279392202,-0.9980645460087516,-0.23242735697805772
NESB,2009,-0.1399555223775364,1.406115343032838,-0.38792788105727305,0.058889228734722195
NESB,2010,0.7806753897496537,0.9344996337063185,-1.0082417467447207,-0.1730148792986016
NESB,2011,1.4487373533476597,0.5957582458813115,-1.3470276991921135,-0.20744227921473085
NESB,2012,3.8300986548473537,1.120795200516427,-0.2846596718342459,-0.9716723364176518
NESB,2013,1.268627932487454,0.8073499709588511,-1.8738433070981935,-0.8022955231479704
NESB,2014,0.43155075810517396,1.151734567076541,-0.42496601655088506,0.1992071311633975
NESB,2015,0.8734679311172514,0.8729024413579176,-0.2520856545789061,0.4079615797776255
NMFA,1983,1.0248611793349922,-0.5280120179542253,-0.7500993850379233,0.31762583713259784
NMFA,1984,0.711786913213541,-0.6332424287703632,-2.521036342407175,-0.7925249923543174
NMFA,1985,1.4500772540811067,-0.48745987487837994,-0.14213813299311037,0.8154594212632689
NMFA,1986,0.5845524311044918,-1.381444966478573,0.323323064098771,0.5545086272722024
NMFA,1987,0.8876047128076456,-0.018830221521271978,-0.3118693439821645,0.6032656255238172
NMFA,1988,1.433204166254437,-0.8297200695987035,-0.7537866052356491,0.3318360041363083
NMFA,1989,1.9745032590664624,-0.6726236666636155,-0.959669218168972,0.2825889705253683
NMFA,1990,1.8841077554734902,-0.9303697513502991,-0.5492662488340688,0.6075225713108146
NMFA,1991,0.985614372657921,-0.2737953502303627,-0.8086093188296164,0.3300024251667111
NMFA,1992,0.6861348308992582,-0.17597465432676487,0.03250258673404123,0.6629908899769662
NMFA,1993,0.7896198495033224,-0.22726527773653643,-0.25132950396580195,0.5849396302484708
NMFA,1994,2.0875630976540545,-0.7404720156723353,-1.1512593122041646,0.34740478794064683
NMFA,1995,1.3775836703260433,-0.5769429441852421,0.19712779329026744,0.9325655940105088
NMFA,1996,1.5440069405782275,-0.3546558802063458,-0.6430135278181847,0.49417888375830243
NMFA,1998,1.5006384983248873,-0.8032103620604887,-0.8815727574048392,0.3004247699589536
NMFA,1999,0.49963062106604206,-0.9216392184441873,0.47133741666485596,0.6441404821537919
NMFA,2000,1.6629827106147286,-0.7325034130186812,-1.239409570717315,0.12446578783484108
NMFA,2001,2.176375118342949,-0.8298151329000474,-1.1310595552172893,0.28113791995536397
NYFR,1991,-2.342796847016582,-2.1543499252653144,0.5792656725596138,-0.34490076269299924
NYFR,1992,-4.1916274018737285,-3.3329838870202675,2.098892206723749,-0.4590468029051003
NYFR,1993,-3.262992587330321,-3.2981618947228055,1.0397705366582477,-0.6484374681141676
NYFR,1994,-3.5008020621326104,-4.224169347750544,1.627878601878452,-0.7249930759320649
NYFR,1995,-2.170391053830594,-2.2037304073761605,0.6218847060687712,-0.18438890246667627
NYFR,1996,-3.869235334869278,-3.7721768382964127,0.8719593440132608,-1.093706013301112
NYFR,1997,-3.290436091480907,-2.232747034165173,1.4731092664840786,-0.17962803728636922
NYFR,1998,-1.1660267551385053,1.1604977529643805,0.3612543453124251,0.6413439245522269
NYFR,1999,-2.1692213433664436,-1.9721458804713388,0.5492735031730582,-0.18842953111169444
NYFR,2000,-3.607984432381775,-2.704031342655343,1.9611144073542572,-0.15757939361548187
NYFR,2001,-2.5710601071394095,-2.0199082685332828,1.5159645928354704,0.10708928042339699
NYFR,2002,-2.931393074374752,-3.2893630447004303,0.9383571338727812,-0.6358511064381751
NYFR,2003,-3.596440761422465,-3.543140486166303,1.9902317663699325,-0.3460165098921632
NYFR,2004,-4.424542361913026,-4.895281015787212,2.341757393551576,-0.9074071136562591
NYFR,2005,-2.21411348867864,-2.5423529826535916,0.5895658930822575,-0.295545031233476
NYFR,2006,-3.7176812274256106,-4.696905218077988,2.0271379325562457,-0.7923816082763776
NYFR,2007,-3.036207697420578,-2.350688720405638,1.5919241063537952,-0.01967844330730556
NYFR,2008,-3.260798209338967,-3.0403899031192054,1.3475654675194755,-0.435422601275268
NYFR,2009,-3.2897354518307793,-3.1591243370222144,1.8601299119969579,-0.25803256889128345
NYFR,2010,-2.359627136392373,-3.1548504909594666,0.8627346179019155,-0.4679376803547387
NYFR,2011,-2.3724246473278154,-3.38148039592173,0.9380508754263739,-0.4308190944189699
NYFR,2012,-2.0631791550130587,-2.4351337122959027,0.8855395069821653,-0.16290760264855852
NYFR,2013,-2.9945144922901656,-3.5572227880213085,1.0441676302244818,-0.7022312907013293
NYFR,2014,-3.6394024704392334,-3.282573426252927,1.5230067689685916,-0.608084222214662
ONEL,1996,-2.2436641085858495,1.4422510347935091,0.35323631564660496,0.49944966022743975
ONEL,1997,-2.3592058425854283,0.7945814030745152,0.8239131198570677,0.5902810549741995
ONEL,1998,-1.772954243074658,0.04664430587040849,-0.5069122552809093,-0.31010239166879744
ONEL,2010,-2.9513525165516117,-2.595713172392069,0.8883534613667741,-0.5148539581699487
ONEL,2011,-2.9218886671224076,-3.1732301730754564,0.8784006346965438,-0.5662226858704107
ONEL,2012,-1.8439190491271287,-1.4015945456985692,0.5819985293300826,0.074673200946655
ONEL,2013,-3.800011077631568,-3.289892148830025,1.704667396924593,-0.48559448383042114
ONEL,2014,-3.900618564848931,-1.4134526108289205,1.136262954109337,-0.26571629197995644
ONEL,2015,-5.562369593945603,0.2423025041427316,-2.2127494926814912,-2.074090367454206
ONEX,1986,-0.9249342874056441,1.015456609209226,-0.22809308481749274,0.3240213770796974
ONEX,1987,0.45548553707445294,0.9162007650373324,-0.8615261962101901,0.07316709036689606
ONEX,1988,0.4195880594064446,0.8498495886203103,-1.1837973295172417,-0.11961645763041065
ONEX,1989,-0.386400904191038,1.0931882358437688,-1.047112019899407,-0.06164582437125282
ONEX,1990,-0.640929078222698,1.0343388026844886,0.03144041366074487,0.5138189013734467
ONEX,1991,0.1319954004979603,0.9005852532360878,-1.0492428839470929,-0.10230974244599626
ONEX,1992,-1.7164809741237075,1.6257817564736419,0.4258611478539094,0.568976440067122
ONGU,1994,-2.84378222834876,-1.2683508070641325,0.9139750192574302,-0.04864813623293221
ONGU,1995,-1.9992781373655497,-0.5098492207240707,-0.5072427313436798,-0.32217018685227977
ONGU,1999,-2.3614448296633386,-1.9266477151856658,0.7027687675192078,-0.21151670028961778
ONGU,2000,-3.393021482396097,-0.9056766057411809,1.5258004415131623,0.11431536786803093
ONGU,2001,-1.8707873635787324,-0.25636783599455804,1.01226593581574,0.6141508539036353
ONGU,2002,-2.0988552593241376,-1.1928165236244241,-0.33086451007085654,-0.4907804448287317
ONGU,2004,-3.2084400239048474,0.4609439732700777,1.5414863158494732,0.5893448053980308
ONGU,2006,-1.0057811139264863,1.7577409880002506,0.6875039511796471,0.819223234128596
ONGU,2007,-1.3019940449198435,1.8104085033483934,-0.28788665866798036,0.7208316034178417
ONGU,2008,-1.4613626577072172,1.9126267780804127,-0.16137449684864985,0.7996595486051131
ONGU,2009,-2.3139588827064332,2.530065296639736,1.0126811904841906,1.3158033735414976
ONHA,1983,-0.6298177710275142,-3.6636217590885245,-0.02050200545791711,-0.4711831391231116
ONHA,1984,-1.0514877706609398,-2.5138541411876294,0.26493456108776803,-0.1525109367890324
ONHA,1985,-1.4373211243540476,-2.87478785340657,0.76244613573015,-0.14622979421388899
SKOU,1987,-2.858371599358087,0.06616028855266831,1.3537717432939576,0.4594768664368085
SKOU,1988,-1.7567420833732497,0.32826868549573884,-0.10219629565556221,0.18226685446520793
SKOU,1989,-2.385396592838133,0.45588315092512666,-0.09527337735491057,0.13084077019814702
SKOU,1990,-3.5099463552334944,0.10192276317536786,0.3563271666809682,-0.21638294239577271
SKOU,1991,-3.064170024003067,-1.0808010080131738,0.21915467285919607,-0.4048368960081397
SKOU,1992,-3.9780271993275234,0.7493684290976507,1.0222362188062748,0.18109722162169345
SKOU,1993,-4.400904221675171,0.2211306910862434,1.7646653263578067,0.2968909944195908
SKOU,1994,-3.129928995483806,0.5558006028039604,0.8307397409165513,0.34454949181315647
SKOU,1995,-3.5645405912024337,-0.0364376601371772,0.4537771724002776,-0.17883591546440014
SKOU,1996,-3.3808037444835977,0.23258616650457986,-0.21314688189620684,-0.29861267277141845
SKSA,1986,-2.585556342180555,2.529076808271702,-0.10090743212514873,-0.028385855101636687
SKSA,1996,-3.01011662127461,2.38304662115682,-0.7032481980012235,-0.20587102317667244
SKSA,1997,-2.357175164455267,2.557318218970371,-0.3366969934391064,-0.24428781536146071
SKSA,1998,-1.847306259637353,2.3263805391640116,-0.6742142737147221,-0.45861814546022783
SKSA,1999,-3.2235625808407327,3.204165257320972,-0.3688029310831638,-0.5700695444320769
SKSA,2000,-2.7252173085319837,2.7923863422390434,0.18176718348704524,0.02881289319272637
SKSA,2001,-1.5500234536612472,2.660505076410583,-0.41119683411578833,-0.6704274440996021
TXCS,1994,7.605568975079033,-2.9344382930613673,-1.32183433420785,0.8404418996921892
TXLU,1990,5.968106474325721,-1.1588631111272338,-1.071425092760956,0.19155981041212117
TXLU,1991,4.829672182601559,-1.1189036581325766,-0.9244668905635783,0.4822110796928425
TXLU,1992,4.747731515441408,-0.9820206304470709,-1.1026775564926006,0.30235975864075004
TXLU,1993,5.4639330864612345,-0.838459260467239,-1.329061352231914,-0.14946031200397228
TXLU,1996,5.116178929636928,-0.8402005316989771,-1.1926832339297038,-0.04325968222343306
TXLU,1997,4.5044989212199456,-0.9033248039400191,-1.243547148338852,0.2446278085751573
TXMU,1995,5.426229529972914,-1.5372662560313697,-1.1900433440151064,0.5154216257048072
TXVE,1994,6.305828713559425,-1.9043852720037984,-1.9609559951058442,0.14478479182019094
WAOT,1985,0.9323840392935554,2.908911728373122,0.850292126836282,-1.4361653655032822
WAOT,1986,1.1765115238515576,2.138745013379167,1.3427788223519128,-0.7574543154686814
WAOT,1987,1.4333163022320046,2.8013783416773164,1.25498959901127,-1.9049428025990067
WAOT,1988,1.1139658758677151,2.7813357788884567,1.8670449673764682,-0.6628621183801671
WAOT,1992,1.1626448403236767,2.1633435974295967,1.0228500899791335,-0.31697697938377756
WAOT,1993,-0.475856620059153,2.8082439800009387,1.4206402325068794,0.024929385795187164
WAOT,1994,0.9295024985120298,2.0483095244288823,0.9509292908034793,-0.003090652464564969
WAOT,1995,0.11847128279751307,2.2709351929921198,1.6930574407260193,0.5867267597915132
WAOT,1996,0.17657033161727684,2.124107738769668,1.14539920358568,0.10317005853566985
WAOT,1997,0.030178872139393603,1.766663055048544,0.920365266794018,0.7017955634202465
WAOT,1998,1.4011649680548364,1.5913065915169735,0.8166158982080384,0.24215351986186884
WAOT,1999,0.36207186924708334,2.655155848604486,1.7440504782415833,0.22361821223700817
WAOT,2000,-0.11461235170670439,2.060052116775898,1.0235640635919168,0.57825018842798
WAOT,2001,0.6224290730632194,2.3439859160337932,0.9910472261284056,-0.6187296622512883
WAOT,2002,0.4202027926978851,2.0317860393449005,0.8090456835141655,0.21105732994212323
WAOT,2003,1.3614500787303718,2.0978666943236064,0.8666535580462963,-0.9700335713899259
WAOT,2004,1.0372675623009637,1.946321596441937,1.303198212014937,0.5046981394905827
WAOT,2005,0.45884384614421664,1.5392178396850862,0.882954865602078,0.7812982601385239
WAOT,2006,0.8613865140722793,1.5951691409169362,0.4058259937107292,0.21362091278802647
WAOT,2008,0.7713093675966685,3.0121314812475912,1.4697119447680829,-1.9952408526007075
WAOT,2009,1.2473283248370064,1.6759560075164606,-0.18655108174677726,-0.9684454665988522
WAOT,2010,0.34651091440582704,2.153557240704111,2.1944254522056545,1.1969657806604619
WAOT,2011,0.13528094864502826,2.5794766467139465,1.1237979374534208,-0.09971823094864385
WAOT,2012,1.0266593097529757,2.139135071415251,1.081137602953079,-0.598316406302128
WAOT,2013,1.527310558224246,2.3589248397475293,0.07024462772518551,-1.267977499007853
WAOT,2014,2.236619834142811,2.3805791691004865,1.0787973294828703,-2.1424461113304516
WAOT,2015,2.374500172256443,1.7971231166918118,1.0830686809073755,-0.6041328169009215
WARO,1981,0.5750368638943464,2.606075583269594,1.9172875192840917,0.22333408727835102
WARO,1982,-0.00860324396351389,2.2415299683785745,1.079101678346859,0.28073717332007087
WARO,1983,0.17526415076882926,2.2120988044360312,2.1660231329032347,0.99785701228676
WARO,1984,0.14882471254417776,2.5757365135763126,0.8323976451918027,-0.4778938904334183
WARO,1985,0.8763520127189202,2.470132521961813,0.8447525314741208,-0.6679437901879913
WARO,1986,-0.10476067798770822,2.0575112277061316,-1.1021261317812197,-0.9221258880735984
WARO,1987,1.2227198806650357,2.7261086871542615,1.756336646708713,-1.2915794046577986
WARO,1988,0.9840961231577898,2.7489530174210954,1.9510441942282966,-0.4925642957656983
WARO,1989,0.12855634450239312,2.1557343921351975,-0.3749787895017975,-0.7831452202516556
WARO,1990,1.647760777903276,1.2812033533873852,0.2272117041750061,0.009426307152540753
WARO,1991,1.2285754557385953,1.797608397487912,1.0511210362500132,0.2895729548186925
WARO,1992,1.792134834999386,1.8454373581314818,-0.13056791276548452,-1.1625757466819255
WARO,1993,0.29990812176623705,3.0361945688736425,1.387844782878558,-0.7678502447801459
WARO,1994,1.5647235445891596,1.5985906054076604,0.581750785348794,-0.07342626911074074
WAVA,2001,-1.703848273698798,-0.6256776728801168,3.957201651263145,2.136209110578722
WYPO,1981,-1.1634370291577358,1.056127236538123,0.048662904118429495,0.516906440755705
WYPO,1983,-1.4971586996146142,0.6291237271005357,-0.49487659722550775,0.052401954106532825
WYPO,1984,-1.7719531463239668,0.9525472546735843,-1.0896349743526332,-0.2856633845983079
WYPO,1985,-1.806207426594141,1.0349115902330899,-0.1610814279175168,0.2791954885856503
WYPO,1986,-1.946303126106423,1.0218403637815352,0.19514133236971165,0.3657797636842278
WYPO,1987,-1.745789625259059,0.5196304688390226,0.6727648373385657,0.5070096295342161
WYPO,1988,-0.11380367115151158,0.3790786356719179,-1.0619745275851333,0.1151622202435555
WYPO,1989,-0.8900661757431381,0.6554852228971971,-0.19031743746064078,0.48046531549264637
WYPO,1990,-1.3186916012793268,0.6166484061644212,-0.5207864471430795,0.05382683216559868
WYPO,1991,-1.3988961265647202,0.05384493371596574,-0.6264082385672951,-0.11899480921737707
WYPO,1993,-3.1593629449600336,1.0633638054069725,1.5076809392094448,0.6981144855622948
WYPO,1994,-0.677322326406054,0.9989029195643067,-0.5037184335710881,0.26490115487401966
WYPO,1995,-1.3587585668151643,0.48336022600303985,0.04636755884616834,0.3522574110473573
WYPO,1996,-1.1119975033227458,0.42914145840658774,-0.937623735189952,-0.0689718586550755
WYPO,1997,-1.8299112779993085,0.15594605425254188,0.07318935930663419,0.05708887401506403
WYPO,1998,-1.0721142163345236,0.005625594152270874,-1.1950885732533518,-0.40595688431183286
WYPO,1999,-0.7455380189574279,1.0119351738877118,0.16321032060687676,0.6423407971387914
WYPO,2000,-1.0231312410641389,0.3651578787048995,-0.9650611161385352,-0.11747658210753113
WYPO,2001,-0.29147967046290485,0.12238407448455974,-1.2306260240303903,-0.1770633886301966
WYPO,2002,-0.4503651654765566,0.7404315528724897,-1.5634121912419416,-0.24883063829143232
WYPO,2003,0.5539416699531503,0.6003216186457194,-1.2185651285038317,-0.007066325931076284
WYPO,2004,-1.0787137055937717,1.5012523160700706,0.5660911126839889,0.7538902329264773
WYPO,2006,0.5389687763552817,0.42530909907821635,-1.527478678479481,-0.07727196439712891
WYPO,2007,0.0896447730546466,0.17338841748847342,-1.1273030459988238,0.051086285040031966
WYPO,2008,-1.4785257692584834,1.0198064976000092,-0.7333294994760734,0.06311878666138414
WYPO,2009,-2.1815982417914372,1.0767550870826657,-0.5303424893244254,-0.14271118949365674
WYPO,2010,-1.3898208328192598,1.1133594746906605,0.07323976302089136,0.4521489021574935
WYPO,2011,-1.2573157090246345,0.6632340847070374,-0.9865532819291047,-0.02931634342974311
WYPO,2012,0.057642642876020875,0.599896067306826,-0.7814229754608054,0.19999266364484553
WYPO,2013,-1.2366109813722335,0.25183136797746275,-1.7597692094995787,-0.6030641930312826
WYPO,2014,-1.4748177418307118,0.7946065345458835,-0.19178270154368238,0.26335008621134
WYPO,2015,-0.5741555414412127,1.235578858195623,0.040268157778331745,0.5749904550669211
WYRI,1981,-0.6213158472175573,0.7335523693487681,-0.8944611996847757,0.0936443975899606
WYTO,1981,-0.9225049055577563,-0.9564956916992879,0.4957524844233255,0.32025849673037754
WYTO,1987,-0.6729475111781924,-1.1097020177891088,-0.2949128639457631,-0.03958764965554799
WYTO,1994,-0.04229676580396054,-0.6885762910603189,-1.0424472958407378,-0.20410436520502018
WYTO,1995,-0.5785859582433781,-0.869021025391831,-0.3101922835219986,0.09282803956736665
WYTO,1996,-0.21368399248926226,-0.3902143810349723,-0.824084540251875,0.04270481164616892
WYTO,1997,-0.9791608061589999,-1.8306516482130895,-0.497148261009298,-0.43955444343067873
WYTO,1998,-0.2794692656295247,-1.1814880039517097,-0.39706018918949126,0.02019775499930139
WYTO,1999,-0.17175650212602128,-0.68246496418705,0.26678027930206594,0.5351303898317682
WYTO,2001,0.33495959476550274,-1.2156870802262498,-0.9876693691801406,-0.11236785982013908
WYTO,2003,-9.295167913088154e-4,-1.3532582526128103,-0.4812918558532987,0.03499295727347655
WYTO,2004,-0.613613586167733,-0.2679981931433898,0.7135242828453187,0.7274783410810558
WYTO,2005,-0.6898761266761005,-0.6272680281751359,-2.6405991388124046,-1.2409522657225167
